metric,n,mean,sd,mean_plus_minus_sd,median,min,max
matched_poses,10,2381.1,90.02647758668928,2381.100000 ± 90.026478,2381.0,2242.0,2573.0
possible_poses,10,2385.4,88.5063713965146,2385.400000 ± 88.506371,2386.0,2247.0,2573.0
matched_percent,10,99.81750653606926,0.09770389979688235,99.817507 ± 0.097704,99.78469724799893,99.74608548455353,100.0
ape_translation_rmse_m,10,0.0317111,0.007118996627958809,0.031711 ± 0.007119,0.0309575,0.02285,0.040545
ape_translation_mean_m,10,0.028325,0.007224695379968163,0.028325 ± 0.007225,0.0277135,0.018957,0.036388
ape_yaw_rmse_deg,10,0.9119083,0.11796289848841833,0.911908 ± 0.117963,0.9427235,0.705975,1.052233
ape_yaw_mean_deg,10,0.4702914,0.05505887955674765,0.470291 ± 0.055059,0.4759265,0.377138,0.542601
rpe_translation_1m_rmse_m,10,0.0202519,0.0014599609165240617,0.020252 ± 0.001460,0.0201935,0.018237,0.02221
rpe_translation_1m_mean_m,10,0.0145225,0.0011209130454926269,0.014523 ± 0.001121,0.014526,0.013108,0.01624
rpe_yaw_1m_rmse_deg,10,1.2925674,0.2114972182544673,1.292567 ± 0.211497,1.290555,0.979905,1.607354
rpe_yaw_1m_mean_deg,10,0.7071077,0.11122463461047347,0.707108 ± 0.111225,0.727325,0.541605,0.85105
process_cpu_mean_percent,10,670.4905927075085,15.740866120190795,670.490593 ± 15.740866,669.4451380540582,644.5004405286344,698.2307692307693
process_cpu_p95_percent,10,828.6455,2.7676769741667906,828.645500 ± 2.767677,829.0925,824.52,833.9499999999998
process_ram_mean_mb,10,867.5784958354783,4.563652797968665,867.578496 ± 4.563653,869.4599065094591,859.5591302306867,872.3003823138298
process_ram_p95_mb,10,889.5514453125,3.645677846386777,889.551445 ± 3.645678,890.63671875,880.8371093750001,893.76015625
cartographer_cpu_mean_percent,10,18.153819930956413,0.6765048438738079,18.153820 ± 0.676505,18.45324426695212,16.66167400881057,18.770954356846474
cartographer_cpu_p95_percent,10,52.570999999999955,5.818559768342848,52.571000 ± 5.818560,53.78999999999999,40.369999999999905,58.90999999999993
cartographer_ram_mean_mb,10,60.225659633851706,0.9333854939282034,60.225660 ± 0.933385,60.23331765875793,58.71698533442982,61.635813438841204
cartographer_ram_p95_mb,10,78.1290625,2.850449848625966,78.129063 ± 2.850450,78.15927734375,73.9453125,82.6171875
yolo_cpu_mean_percent,10,652.336772776552,15.500292990528186,652.336773 ± 15.500293,650.8568571373173,627.0669603524229,680.1235042735043
yolo_cpu_p95_percent,10,803.8645,0.10920037647472756,803.864500 ± 0.109200,803.8499999999999,803.7,804.0
yolo_ram_mean_mb,10,807.3528362016266,4.766635889825456,807.352836 ± 4.766636,809.3910659606508,797.9233167918455,812.2460423519736
yolo_ram_p95_mb,10,814.0696484375001,4.275897137732057,814.069648 ± 4.275897,812.86357421875,808.4230468750001,821.23125
system_cpu_mean_percent,10,45.799230955117245,0.9640959167794231,45.799231 ± 0.964096,45.808897894287824,44.371806167400884,47.526923076923076
system_ram_mean_percent,10,43.55379660872212,0.3328389503171471,43.553797 ± 0.332839,43.67697368421052,42.874468085106386,43.93211009174312
lidar_rate_hz,10,7.9987454,0.001767903290467075,7.998745 ± 0.001768,7.999566,7.995191,7.999722
camera_rate_hz,10,19.7971969,0.864307253732716,19.797197 ± 0.864307,20.007838999999997,17.925559,20.789227
slam_tf_rate_hz,10,16.5712594,0.22258199247927593,16.571259 ± 0.222582,16.5659335,16.196429,16.898521
slam_tf_latency_mean_ms,10,50.0100721,4.605241153312856,50.010072 ± 4.605241,48.706225,46.78212,62.802661
slam_tf_latency_p95_ms,10,120.25566549999999,1.6305809329301593,120.255665 ± 1.630581,120.4721695,117.873567,122.753221
gazebo_rtf_overall,10,0.9977369,0.00010790783104111804,0.997737 ± 0.000108,0.997724,0.997569,0.997942
yolo_frames_processed,10,3586.8,264.92925680473854,3586.800000 ± 264.929257,3556.0,3285.0,4065.0
yolo_effective_fps,10,14.7272589,0.580646263335652,14.727259 ± 0.580646,14.841844,13.696667,15.502417
yolo_inference_mean_ms,10,52.6442949,1.2328382580034531,52.644295 ± 1.232838,52.571888,50.425638,54.229166
yolo_inference_p95_ms,10,67.0518613,2.5495297061611195,67.051861 ± 2.549530,67.0069185,62.296488,71.465184
yolo_overlap_start_s,10,70.7881,43.469109896696885,70.788100 ± 43.469110,55.691,42.702,181.16
yolo_overlap_end_s,10,308.8371,46.11980310608931,308.837100 ± 46.119803,290.731,280.096,427.249
yolo_overlap_duration_s,10,238.049,9.833013463724024,238.049000 ± 9.833013,237.9445,223.629,258.992
camera_info_overlap_frames,10,4715.6,314.17907137314046,4715.600000 ± 314.179071,4722.0,4268.0,5218.0
yolo_overlap_frames,10,3527.1,221.3205066564476,3527.100000 ± 221.320507,3480.0,3277.0,3867.0
yolo_timestamp_matched_frames,10,3525.9,220.9874053726441,3525.900000 ± 220.987405,3477.5,3277.0,3865.0
camera_info_unmatched_frames,10,1189.7,117.41479179955707,1189.700000 ± 117.414792,1211.5,991.0,1365.0
yolo_stamps_absent_from_monitor,10,1.2,1.3165611772087666,1.200000 ± 1.316561,1.0,0.0,4.0
camera_info_overlap_rate_hz,10,19.7981136,0.8622886830321839,19.798114 ± 0.862289,20.007838999999997,17.925559,20.789227
yolo_overlap_source_rate_fps,10,14.8101816,0.628209075051575,14.810182 ± 0.628209,14.980601,13.770795,15.709764
yolo_timestamp_matching_ratio_percent,10,74.8007,1.3549603561236279,74.800700 ± 1.354960,74.42349999999999,73.365,76.781
yolo_predict_mean_ms,10,52.6148,1.2482416788782875,52.614800 ± 1.248242,52.558,50.383,54.224
yolo_predict_median_ms,10,51.4754,1.4506960934515392,51.475400 ± 1.450696,51.271,49.503,53.674
yolo_predict_p95_ms,10,66.9395,2.6395993909009086,66.939500 ± 2.639599,66.53800000000001,61.899,71.455
yolo_predict_p99_ms,10,77.37780000000001,1.7678844733497454,77.377800 ± 1.767884,77.66300000000001,72.938,79.224
yolo_predict_max_ms,10,86.1692,1.9617875522084436,86.169200 ± 1.961788,86.13,82.062,89.586
yolo_callback_mean_ms,10,53.2596,1.2592899410205558,53.259600 ± 1.259290,53.208,51.009,54.872
